Timestamp,Rating,Comments,PI
5/7/19 12:25,3,We have the best RTE Ever!,PI0
5/7/19 12:25,2,things,PI0
5/7/19 12:25,3,stuff,PI0
5/7/19 12:25,3,our SPC is fantastic,PI0
5/7/19 12:25,3,things,PI0
5/7/19 12:25,2,stuff,PI0
5/7/19 12:25,4,Great job everyone!,PI0
5/7/19 12:25,4,things,PI0
5/7/19 12:25,2,stuff,PI0
5/7/19 12:25,3,Targetprocess makes everything easy!,PI0
5/7/19 12:25,3,things,PI0
5/7/19 12:25,2,stuff,PI0
5/7/19 12:25,5,great,PI0
5/7/19 12:25,4,things,PI0
5/7/19 12:25,3,stuff,PI0
5/7/19 12:25,5,We have the best RTE Ever!,PI0
5/7/19 12:25,2,stuff,PI0
5/7/19 12:25,3,great,PI0
5/7/19 12:25,1,things,PI0
5/7/19 12:25,2,stuff,PI0
5/7/19 12:25,2,stuff,PI0
5/7/19 12:25,3,great,PI0
5/7/19 12:25,1,things,PI0
5/7/19 12:25,2,stuff,PI0
5/7/19 12:25,2,stuff,PI0
5/7/19 12:25,3,great,PI0
5/7/19 12:25,1,things,PI0
5/7/19 12:25,2,stuff,PI0
5/7/19 12:25,2,stuff,PI1
5/7/19 12:25,3,great,PI1
5/7/19 12:25,1,things,PI1
5/7/19 12:25,2,stuff,PI1
5/7/19 12:25,5,We have the best RTE Ever!,PI1
5/7/19 12:25,1,things,PI1
5/7/19 12:25,2,stuff,PI1
5/7/19 12:25,5,our SPC is fantastic,PI1
5/7/19 12:25,4,things,PI1
5/7/19 12:25,2,stuff,PI1
5/7/19 12:25,5,Great job everyone!,PI1
5/7/19 12:25,4,things,PI1
5/7/19 12:25,2,stuff,PI1
5/7/19 12:25,5,Targetprocess makes everything easy!,PI1
5/7/19 12:25,4,things,PI1
5/7/19 12:25,2,stuff,PI1
5/7/19 12:25,5,great,PI1
5/7/19 12:25,4,things,PI1
5/7/19 12:25,2,stuff,PI1
5/7/19 12:25,5,We have the best RTE Ever!,PI1
5/7/19 12:25,2,stuff,PI1
5/7/19 12:25,3,great,PI1
5/7/19 12:25,1,things,PI1
5/7/19 12:25,2,stuff,PI1
5/7/19 12:25,2,stuff,PI1
5/7/19 12:25,3,great,PI1
5/7/19 12:25,1,things,PI1
5/7/19 12:25,2,stuff,PI1
5/7/19 12:25,2,stuff,PI1
5/7/19 12:25,3,great,PI1
5/7/19 12:25,1,things,PI1
5/7/19 12:25,2,stuff,PI1
5/7/19 12:25,2,stuff,PI1
5/7/19 12:25,3,great,PI1
5/7/19 12:25,1,things,PI1
5/7/19 12:25,2,stuff,PI1
5/7/19 12:25,4,things,PI2
5/7/19 12:25,5,Great job everyone!,PI2
5/7/19 12:25,4,things,PI2
5/7/19 12:25,3,stuff,PI2
5/7/19 12:25,5,Great job everyone!,PI2
5/7/19 12:25,4,things,PI2
5/7/19 12:25,2,stuff,PI2
5/7/19 12:25,5,Great job everyone!,PI2
5/7/19 12:25,4,things,PI2
5/7/19 12:25,3,stuff,PI2
5/7/19 12:25,5,Great job everyone!,PI2
5/7/19 12:25,4,things,PI2
5/7/19 12:25,3,stuff,PI2
5/7/19 12:25,5,stuff,PI2
5/7/19 12:25,5,our SPC is fantastic,PI2
5/7/19 12:25,4,things,PI2
5/7/19 12:25,4,stuff,PI2
5/7/19 12:25,5,Great job everyone!,PI2
5/7/19 12:25,4,things,PI2
5/7/19 12:25,3,stuff,PI2
5/7/19 12:25,5,Targetprocess makes everything easy!,PI2
5/7/19 12:25,4,things,PI2
5/7/19 12:25,3,stuff,PI2
5/7/19 12:25,5,great,PI2
5/7/19 12:25,4,things,PI2
5/7/19 12:25,1,stuff,PI2
